{
  "report_version": "1.0",
  "timestamp": "2026-04-23T23:45:00.247020Z",
  "confidence": {
    "is_low_confidence": true,
    "n_warnings": 3,
    "n_high": 1
  },
  "profile": {
    "ZS_ohm": 50.0,
    "ZL_ohm": 75.0,
    "Z_mid_ohm": 61.237243569579455,
    "Gamma_m": 0.05,
    "A": 2.077446112699554,
    "rho_0": 0.2027325540540822,
    "L_m": 0.6065838142530976,
    "w_start_m": 0.00046357904076366625,
    "w_end_m": 0.00024787209115460145,
    "w_min_m": 0.00024787209115460145,
    "w_max_m": 0.00046357904076366625
  },
  "stackup": {
    "line_type": "microstrip",
    "laminate": "RO4350B",
    "substrate_height_m": 0.000254,
    "copper_thickness_m": 3.5e-05,
    "surface_roughness_m": 5e-07,
    "dk_design": 3.48,
    "df_10ghz": 0.0037,
    "conductivity_s_per_m": 58000000.0,
    "ground_plane_continuous": true,
    "soldermask_present": false
  },
  "analysis": {
    "f_start_hz": 100000000.0,
    "f_stop_hz": 10000000000.0,
    "n_points": 21,
    "zref_ohm": 50.0,
    "f_geometry_ref_hz": 100000000.0
  },
  "segmentation": {
    "n_segments": 2314,
    "dz_min_m": 0.00023081575884820182,
    "dz_max_m": 0.0004616315176965146,
    "max_det_error": 1.865174681370263e-14,
    "used_fallback": false
  },
  "blocks": [
    {
      "position": "right",
      "index": 0,
      "name": "PadBlock",
      "params": {
        "block": "Pad",
        "w_in_m": 0.00024787209115460145,
        "w_out_m": 0.00024787209115460145,
        "w_pad_m": 0.0007,
        "l_pad_m": 0.0007,
        "h_m": 0.000254,
        "er": 3.48
      },
      "warnings": []
    },
    {
      "position": "right",
      "index": 1,
      "name": "SignalViaSelfBlock",
      "params": {
        "block": "SignalViaSelf",
        "d_finished_m": 0.0003,
        "h_barrel_m": 0.000254,
        "d_antipad_m": 0.0006,
        "er_fill": 3.48,
        "sigma_S_per_m": 58000000.0,
        "L_barrel_H": 2.002645231343252e-11,
        "C_barrel_F": 7.094406968173904e-14
      },
      "warnings": []
    },
    {
      "position": "right",
      "index": 2,
      "name": "StubBlock",
      "params": {
        "block": "Stub",
        "h_stub_m": 0.0,
        "d_finished_m": 0.0003,
        "d_antipad_m": 0.0006,
        "er_fill": 3.48,
        "Z_stub_ohm": 22.27853031736944
      },
      "warnings": []
    },
    {
      "position": "right",
      "index": 3,
      "name": "ReturnPathBlock",
      "params": {
        "block": "ReturnPath",
        "d_sig_m": 0.0003,
        "h_transition_m": 0.000254,
        "d_antipad_sig_m": 0.0006,
        "er": 3.48,
        "has_return_via": true,
        "d_ret_m": 0.0003,
        "s_m": 0.001,
        "d_antipad_ret_m": 0.0006,
        "L_loop_H": 9.637369523220277e-11,
        "C_spread_F": 3.429940920826705e-14
      },
      "warnings": []
    }
  ],
  "model_assumptions": {
    "microstrip": "Hammerstad-Jensen 1980 (quasi-static, thickness-corrected)",
    "dispersion": "Kirschning-Jansen 1982/1984 (P1-P4 for eeff, R1-R17 for Zc)",
    "conductor_loss": "Hammerstad CAD-grade (geometry-dependent edge current, W/h branches)",
    "dielectric_loss": "Pozar standard (k0*er*(eeff-1)*tand / (2*sqrt(eeff)*(er-1)))",
    "roughness": "Hammerstad K_sr = 1 + (2/pi)*atan(1.4*(delta/skin_depth)^2)",
    "zc_treatment": "Real-valued (loss enters only through complex gamma)",
    "cascade": "ABCD multiplication with determinant conditioning check; T-matrix fallback if |det-1| > 1e-3",
    "klopfenstein": "Classical Klopfenstein 1956 with Kajfez 1973 correction; 25-term phi recursion",
    "tand": "Frequency-flat (v1); value from settings.stackup.df_10ghz"
  },
  "s_params_summary": {
    "max_s11_db": -13.023045516963165,
    "worst_insertion_loss_db": -4.0615100428764395
  },
  "s_params_data": [
    {
      "f_hz": 100000000.0,
      "s11_db": -13.023045516963165,
      "s21_db": -0.3123181651604202,
      "s11_phase_deg": -68.40280594156546,
      "s21_phase_deg": -119.28256467404114
    },
    {
      "f_hz": 595000000.0,
      "s11_db": -16.77641474630707,
      "s21_db": -0.4239949367055324,
      "s11_phase_deg": -149.42263793264266,
      "s21_phase_deg": 10.141084874536862
    },
    {
      "f_hz": 1090000000.0,
      "s11_db": -16.522309990627807,
      "s21_db": -0.6391490158271839,
      "s11_phase_deg": 99.97600414390665,
      "s21_phase_deg": 139.02597334685254
    },
    {
      "f_hz": 1585000000.0,
      "s11_db": -15.110198931171253,
      "s21_db": -0.8776039313373579,
      "s11_phase_deg": 10.157112688546032,
      "s21_phase_deg": -91.7122521127592
    },
    {
      "f_hz": 2080000000.0,
      "s11_db": -16.303783873670227,
      "s21_db": -1.040279792257806,
      "s11_phase_deg": -74.97119142845733,
      "s21_phase_deg": 37.53860529525675
    },
    {
      "f_hz": 2575000000.0,
      "s11_db": -18.489905840395732,
      "s21_db": -1.192453535619045,
      "s11_phase_deg": 178.25380419288607,
      "s21_phase_deg": 166.16035511718727
    },
    {
      "f_hz": 3070000000.0,
      "s11_db": -16.74682232823227,
      "s21_db": -1.41501798257084,
      "s11_phase_deg": 70.3337647232948,
      "s21_phase_deg": -65.3790395061245
    },
    {
      "f_hz": 3565000000.0,
      "s11_db": -15.890939411197145,
      "s21_db": -1.6262966382831365,
      "s11_phase_deg": -15.497930381228633,
      "s21_phase_deg": 63.353192068827475
    },
    {
      "f_hz": 4060000000.0,
      "s11_db": -18.00731394441097,
      "s21_db": -1.7725789110843235,
      "s11_phase_deg": -106.45548457314518,
      "s21_phase_deg": -168.2407233962917
    },
    {
      "f_hz": 4555000000.0,
      "s11_db": -18.959281286771905,
      "s21_db": -1.949033229037006,
      "s11_phase_deg": 136.24264634309333,
      "s21_phase_deg": -40.434410773752504
    },
    {
      "f_hz": 5050000000.0,
      "s11_db": -16.59368046245887,
      "s21_db": -2.179900377604243,
      "s11_phase_deg": 36.7572644844499,
      "s21_phase_deg": 87.42314598055412
    },
    {
      "f_hz": 5545000000.0,
      "s11_db": -16.900471918601262,
      "s21_db": -2.3636474327781087,
      "s11_phase_deg": -48.469551759765714,
      "s21_phase_deg": -144.63277855562407
    },
    {
      "f_hz": 6040000000.0,
      "s11_db": -19.683405230939115,
      "s21_db": -2.511685291863076,
      "s11_phase_deg": -152.55610426336418,
      "s21_phase_deg": -17.270248776330615
    },
    {
      "f_hz": 6535000000.0,
      "s11_db": -18.287998664836135,
      "s21_db": -2.7205975307024355,
      "s11_phase_deg": 88.55594120926432,
      "s21_phase_deg": 109.70180702664088
    },
    {
      "f_hz": 7030000000.0,
      "s11_db": -16.668092712072614,
      "s21_db": -2.941618402773468,
      "s11_phase_deg": -1.8328459014524627,
      "s21_phase_deg": -123.13808449131089
    },
    {
      "f_hz": 7525000000.0,
      "s11_db": -18.617892695539968,
      "s21_db": -3.0989548431590115,
      "s11_phase_deg": -92.92586865745062,
      "s21_phase_deg": 3.7713026733302772
    },
    {
      "f_hz": 8020000000.0,
      "s11_db": -20.167329191874693,
      "s21_db": -3.2730333806633545,
      "s11_phase_deg": 144.68018749279804,
      "s21_phase_deg": 130.0307886653517
    },
    {
      "f_hz": 8515000000.0,
      "s11_db": -17.385738984684263,
      "s21_db": -3.503700068233222,
      "s11_phase_deg": 39.45089239814045,
      "s21_phase_deg": -103.75456195871188
    },
    {
      "f_hz": 9010000000.0,
      "s11_db": -17.6518410394605,
      "s21_db": -3.691968253053523,
      "s11_phase_deg": -48.062694018665546,
      "s21_phase_deg": 22.518054342806884
    },
    {
      "f_hz": 9505000000.0,
      "s11_db": -20.79313806961521,
      "s21_db": -3.846562580868362,
      "s11_phase_deg": -157.7295040556487,
      "s21_phase_deg": 148.1889892338702
    },
    {
      "f_hz": 10000000000.0,
      "s11_db": -18.818733115272234,
      "s21_db": -4.0615100428764395,
      "s11_phase_deg": 78.76408302449484,
      "s21_phase_deg": -86.51998450068007
    }
  ],