{
  "report_version": "1.0",
  "timestamp": "2026-04-25T20:03:53.381360Z",
  "confidence": {
    "is_low_confidence": false,
    "n_warnings": 0,
    "n_high": 0
  },
  "profile": {
    "ZS_ohm": 50.0,
    "ZL_ohm": 75.0,
    "Z_mid_ohm": 61.237243569579455,
    "Gamma_m": 0.05,
    "A": 2.077446112699554,
    "rho_0": 0.2027325540540822,
    "L_m": 0.06065284998185758,
    "endpoint_steps": {
      "description": "Inherent Klopfenstein endpoint steps of magnitude Gamma_m",
      "step_magnitude_ln": 0.05000000000000002,
      "Z_raw_start_ohm": 52.56355481880121,
      "Z_raw_end_ohm": 71.34220683755355
    },
    "ideal_electrical": {
      "w_start_m": 0.00046354965397199966,
      "w_end_m": 0.0002478542757813865,
      "w_min_m": 0.0002478542757813865,
      "w_max_m": 0.00046354965397199966
    },
    "layout_realized": {
      "description": "Endpoint widths clamped to feed-line widths for trace connectivity",
      "w_start_m": 0.0005071912724461363,
      "w_end_m": 0.0002200237709572213
    }
  },
  "stackup": {
    "line_type": "microstrip",
    "laminate": "RO4350B",
    "substrate_height_m": 0.000254,
    "copper_thickness_m": 3.5e-05,
    "surface_roughness_m": 5e-07,
    "dk_design": 3.48,
    "df_10ghz": 0.0037,
    "conductivity_s_per_m": 58000000.0,
    "ground_plane_continuous": true,
    "soldermask_present": false
  },
  "analysis": {
    "f_start_hz": 1000000000.0,
    "f_stop_hz": 10000000000.0,
    "n_points": 21,
    "zref_ohm": 50.0,
    "f_geometry_ref_hz": 1000000000.0
  },
  "segmentation": {
    "n_segments": 264,
    "dz_min_m": 0.00022974564387066854,
    "dz_max_m": 0.00022974564387067548,
    "max_det_error": 4.107828487672416e-15,
    "used_fallback": false
  },
  "blocks": [
    {
      "position": "right",
      "index": 0,
      "name": "PadBlock",
      "params": {
        "block": "Pad",
        "w_in_m": 0.0002200237709572213,
        "w_out_m": 0.0002200237709572213,
        "w_pad_m": 0.0007,
        "l_pad_m": 0.0007,
        "h_m": 0.000254,
        "er": 3.48
      },
      "warnings": []
    },
    {
      "position": "right",
      "index": 1,
      "name": "SignalViaSelfBlock",
      "params": {
        "block": "SignalViaSelf",
        "d_finished_m": 0.0003,
        "h_barrel_m": 0.000254,
        "d_antipad_m": 0.0006,
        "er_fill": 3.48,
        "sigma_S_per_m": 58000000.0,
        "L_barrel_H": 2.002645231343252e-11,
        "C_barrel_F": 7.094406968173904e-14
      },
      "warnings": []
    },
    {
      "position": "right",
      "index": 2,
      "name": "StubBlock",
      "params": {
        "block": "Stub",
        "h_stub_m": 0.0,
        "d_finished_m": 0.0003,
        "d_antipad_m": 0.0006,
        "er_fill": 3.48,
        "Z_stub_ohm": 22.27853031736944
      },
      "warnings": []
    },
    {
      "position": "right",
      "index": 3,
      "name": "ReturnPathBlock",
      "params": {
        "block": "ReturnPath",
        "d_sig_m": 0.0003,
        "h_transition_m": 0.000254,
        "d_antipad_sig_m": 0.0006,
        "er": 3.48,
        "has_return_via": true,
        "d_ret_m": 0.0003,
        "s_m": 0.001,
        "d_antipad_ret_m": 0.0006,
        "L_loop_H": 9.637369523220277e-11,
        "C_spread_F": 3.429940920826705e-14
      },
      "warnings": []
    }
  ],
  "model_assumptions": {
    "microstrip": "Hammerstad-Jensen 1980 (quasi-static, thickness-corrected)",
    "dispersion": "Kirschning-Jansen 1982/1984 (P1-P4 for eeff, R1-R17 for Zc)",
    "conductor_loss": "Hammerstad CAD-grade (geometry-dependent edge current, W/h branches)",
    "dielectric_loss": "Pozar standard (k0*er*(eeff-1)*tand / (2*sqrt(eeff)*(er-1)))",
    "roughness": "Hammerstad K_sr = 1 + (2/pi)*atan(1.4*(delta/skin_depth)^2)",
    "zc_treatment": "Real-valued (loss enters only through complex gamma)",
    "cascade": "ABCD multiplication with determinant conditioning check; T-matrix fallback if |det-1| > 1e-3",
    "klopfenstein": "Classical Klopfenstein 1956 with Kajfez 1973 correction; 25-term phi recursion",
    "tand": "Frequency-flat (v1); value from settings.stackup.df_10ghz"
  },
  "s_params_summary": {
    "max_s11_db": -11.519768716914278,
    "worst_insertion_loss_db": -0.7483112537047771
  },
  "s_params_data": [
    {
      "f_hz": 1000000000.0,
      "s11_db": -13.013131938743141,
      "s21_db": -0.27421147381411165,
      "s11_phase_deg": -65.43217316565536,
      "s21_phase_deg": -121.97825498032579
    },
    {
      "f_hz": 1450000000.0,
      "s11_db": -15.244412994317544,
      "s21_db": -0.20272820796161714,
      "s11_phase_deg": -157.0469881391108,
      "s21_phase_deg": -176.58808042666303
    },
    {
      "f_hz": 1900000000.0,
      "s11_db": -15.547243303634952,
      "s21_db": -0.2119709883221218,
      "s11_phase_deg": 84.20226799984262,
      "s21_phase_deg": 128.02994544961837
    },
    {
      "f_hz": 2350000000.0,
      "s11_db": -13.856602713126787,
      "s21_db": -0.2896477677798273,
      "s11_phase_deg": -14.705062507657592,
      "s21_phase_deg": 73.24071789882898
    },
    {
      "f_hz": 2800000000.0,
      "s11_db": -14.918009861290347,
      "s21_db": -0.2676411000019666,
      "s11_phase_deg": -109.72936927023069,
      "s21_phase_deg": 18.605736515139473
    },
    {
      "f_hz": 3250000000.0,
      "s11_db": -15.890255492863387,
      "s21_db": -0.2568803532719299,
      "s11_phase_deg": 133.0635726063019,
      "s21_phase_deg": -36.71939780561323
    },
    {
      "f_hz": 3700000000.0,
      "s11_db": -13.912484587183855,
      "s21_db": -0.34166120100872893,
      "s11_phase_deg": 26.03964384279216,
      "s21_phase_deg": -91.77894466001582
    },
    {
      "f_hz": 4150000000.0,
      "s11_db": -13.95342357162551,
      "s21_db": -0.35814372572888553,
      "s11_phase_deg": -67.78795857043013,
      "s21_phase_deg": -146.34251288550303
    },
    {
      "f_hz": 4600000000.0,
      "s11_db": -15.538943719594895,
      "s21_db": -0.3211613372364086,
      "s11_phase_deg": -177.98730354361206,
      "s21_phase_deg": 158.48614915769943
    },
    {
      "f_hz": 5050000000.0,
      "s11_db": -14.097625143101844,
      "s21_db": -0.38891192769208466,
      "s11_phase_deg": 66.51684577616554,
      "s21_phase_deg": 103.13112116389169
    },
    {
      "f_hz": 5500000000.0,
      "s11_db": -13.14854982923277,
      "s21_db": -0.4505937447602854,
      "s11_phase_deg": -29.714824935919786,
      "s21_phase_deg": 48.47450979594728
    },
    {
      "f_hz": 5950000000.0,
      "s11_db": -14.52576127436929,
      "s21_db": -0.40968318721413105,
      "s11_phase_deg": -132.31809221751917,
      "s21_phase_deg": -6.4524513686082745
    },
    {
      "f_hz": 6400000000.0,
      "s11_db": -14.266324738007754,
      "s21_db": -0.4383235542108731,
      "s11_phase_deg": 108.62742099933304,
      "s21_phase_deg": -61.98773058470714
    },
    {
      "f_hz": 6850000000.0,
      "s11_db": -12.657043582621023,
      "s21_db": -0.5337569888779471,
      "s11_phase_deg": 6.452742391293428,
      "s21_phase_deg": -116.91593114910214
    },
    {
      "f_hz": 7300000000.0,
      "s11_db": -13.314676498190614,
      "s21_db": -0.5181676231941966,
      "s11_phase_deg": -91.58163840003095,
      "s21_phase_deg": -171.6248518490854
    },
    {
      "f_hz": 7750000000.0,
      "s11_db": -14.123735631895798,
      "s21_db": -0.5016950172273992,
      "s11_phase_deg": 152.22328149012768,
      "s21_phase_deg": 132.85510370114454
    },
    {
      "f_hz": 8200000000.0,
      "s11_db": -12.456626776733337,
      "s21_db": -0.603890120180502,
      "s11_phase_deg": 42.32366200773494,
      "s21_phase_deg": 77.55547583947464
    },
    {
      "f_hz": 8650000000.0,
      "s11_db": -12.268474135084997,
      "s21_db": -0.6353731605349087,
      "s11_phase_deg": -54.86784351556474,
      "s21_phase_deg": 22.91908473173586
    },
    {
      "f_hz": 9100000000.0,
      "s11_db": -13.504625024765264,
      "s21_db": -0.5882314193730528,